{
  "version": "1.0",
  "truncation": null,
  "padding": null,
  "added_tokens": [
    {
      "id": 0,
      "content": "<|endoftext|>",
      "single_word": false,
      "lstrip": false,
      "rstrip": false,
      "normalized": false,
      "special": true
    },
    {
      "id": 1,
      "content": "<|padding|>",
      "single_word": false,
      "lstrip": false,
      "rstrip": false,
      "normalized": false,
      "special": true
    },
    {
      "id": 2,
      "content": "<|user|>",
      "single_word": false,
      "lstrip": false,
      "rstrip": false,
      "normalized": false,
      "special": true
    },
    {
      "id": 3,
      "content": "<|model|>",
      "single_word": false,
      "lstrip": false,
      "rstrip": false,
      "normalized": false,
      "special": true
    },
    {
      "id": 4,
      "content": "<|system|>",
      "single_word": false,
      "lstrip": false,
      "rstrip": false,
      "normalized": false,
      "special": true
    },
    {
      "id": 5,
      "content": "<UNK>",
      "single_word": false,
      "lstrip": false,
      "rstrip": false,
      "normalized": false,
      "special": true
    }
  ],
  "normalizer": {
    "type": "NFKC"
  },
  "pre_tokenizer": {
    "type": "Metaspace",
    "replacement": "▁",
    "prepend_scheme": "always",
    "split": true
  },
  "post_processor": null,
  "decoder": {
    "type": "Metaspace",
    "replacement": "▁",
    "prepend_scheme": "always",
    "split": true
  },
  "model": {
    "type": "Unigram",
    "unk_id": null,
    "vocab": [
      [
        "<|endoftext|>",
        0.0
      ],
      [
        "<|padding|>",
        0.0
      ],
      [
        "<|user|>",
        0.0
      ],
      [
        "<|model|>",
        0.0
      ],
      [
        "<|system|>",
        0.0
      ],
      [
        "<UNK>",
        0.0
      ],
      [
        "▁",
        -2.5158195786082875
      ],
      [
        "e",
        -3.2485102489154873
      ],
      [
        "i",
        -3.3401266418017914
      ],
      [
        "。",
        -3.3735102489245916
      ],
      [
        "は",
        -3.6830340584484063
      ],
      [
        "い",
        -3.8830340584883554
      ],
      [
        "o",
        -4.123157228112964
      ],
      [
        "s",
        -4.1330339110826495
      ],
      [
        "の",
        -4.133034058488359
      ],
      [
        "d",
        -4.133034058488362
      ],
      [
        "n",
        -4.419749342562947
      ],
      [
        "ス",
        -4.4663673917817395
      ],
      [
        "ま",
        -4.4663673917817395
      ],
      [
        ".",
        -4.466367391821695
      ],
      [
        "l",
        -4.466367391821695
      ],
      [
        "f",
        -4.466367391821695
      ],
      [
        "p",
        -4.619954559138291
      ],
      [
        "t",
        -4.8328516525504845
      ],
      [
        "す",
        -4.96289323411788
      ],
      [
        "c",
        -4.966073686552719
      ],
      [
        "k",
        -4.966367391781737
      ],
      [
        "寿限無",
        -4.9663673917817395
      ],
      [
        "人",
        -4.966367391781743
      ],
      [
        "カ",
        -4.966367391821676
      ],
      [
        "と",
        -4.966367391821676
      ],
      [
        "日",
        -4.966367391821695
      ],
      [
        "y",
        -4.966367391821695
      ],
      [
        "に",
        -4.966367391821695
      ],
      [
        "ト",
        -4.966367391821695
      ],
      [
        "れ",
        -4.966367391821695
      ],
      [
        "て",
        -4.966367391821695
      ],
      [
        "が",
        -4.966367391821695
      ],
      [
        "だ",
        -4.966367391821695
      ],
      [
        "us",
        -4.966367726733458
      ],
      [
        "▁こ",
        -4.9663691603928335
      ],
      [
        "▁T",
        -4.966369160392836
      ],
      [
        "▁w",
        -4.966369160392841
      ],
      [
        "▁cor",
        -4.966661180884736
      ],
      [
        "です",
        -4.969853315809741
      ],
      [
        "at",
        -4.97035282809385
      ],
      [
        "th",
        -4.980552775311423
      ],
      [
        "in",
        -5.047378721238051
      ],
      [
        "r",
        -5.324988711850896
      ],
      [
        "ri",
        -5.348021061300923
      ],
      [
        "ip",
        -5.491451387495461
      ],
      [
        "h",
        -5.930997576941417
      ],
      [
        "a",
        -5.956267480057882
      ],
      [
        "で",
        -5.957526250334167
      ],
      [
        "劫",
        -5.966367391781747
      ],
      [
        "前",
        -5.966367391781757
      ],
      [
        "プ",
        -5.966367391821649
      ],
      [
        "習",
        -5.966367391821649
      ],
      [
        "ロ",
        -5.966367391821671
      ],
      [
        "タ",
        -5.966367391821671
      ],
      [
        "ナ",
        -5.966367391821671
      ],
      [
        "学",
        -5.966367391821671
      ],
      [
        "セ",
        -5.966367391821671
      ],
      [
        "認",
        -5.966367391821671
      ],
      [
        "ビ",
        -5.966367391821671
      ],
      [
        "ッ",
        -5.966367391821671
      ],
      [
        "な",
        -5.966367391821671
      ],
      [
        "無",
        -5.966367391821681
      ],
      [
        "気",
        -5.9663673918216835
      ],
      [
        "v",
        -5.96636739182169
      ],
      [
        "役",
        -5.966367391821695
      ],
      [
        "を",
        -5.966367391821695
      ],
      [
        "・",
        -5.966367391821695
      ],
      [
        "擦",
        -5.966367391821695
      ],
      [
        "知",
        -5.966367391821695
      ],
      [
        "漢",
        -5.966367391821695
      ],
      [
        "べ",
        -5.966367391821695
      ],
      [
        "用",
        -5.966367391821695
      ],
      [
        "切",
        -5.966367391821695
      ],
      [
        "マ",
        -5.966367391821695
      ],
      [
        "猫",
        -5.966367391821695
      ],
      [
        "名",
        -5.966367391821695
      ],
      [
        "工",
        -5.966367391821695
      ],
      [
        "ら",
        -5.966367391821695
      ],
      [
        "g",
        -5.966367391821695
      ],
      [
        "語",
        -5.966367391821695
      ],
      [
        "っ",
        -5.966367391821695
      ],
      [
        "!",
        -5.966367391821695
      ],
      [
        "x",
        -5.966367391821695
      ],
      [
        "テ",
        -5.966367391821695
      ],
      [
        "確",
        -5.966367391821695
      ],
      [
        "輩",
        -5.966367391821695
      ],
      [
        "つ",
        -5.966367391821695
      ],
      [
        "ー",
        -5.966367391821695
      ],
      [
        "ざ",
        -5.966367391821695
      ],
      [
        "ん",
        -5.966367391821695
      ],
      [
        "吾",
        -5.966367391821695
      ],
      [
        "類",
        -5.966367391821695
      ],
      [
        "、",
        -5.966367391821695
      ],
      [
        "ラ",
        -5.966367391821695
      ],
      [
        "ひ",
        -5.966367391821695
      ],
      [
        "今",
        -5.966367391821695
      ],
      [
        "し",
        -5.966367391821695
      ],
      [
        "本",
        -5.966367391821695
      ],
      [
        "世",
        -5.966367391821695
      ],
      [
        "E",
        -5.966367391821695
      ],
      [
        "m",
        -5.966367391821695
      ],
      [
        "ち",
        -5.966367391821695
      ],
      [
        "コ",
        -5.966367391821695
      ],
      [
        "z",
        -5.966367391821695
      ],
      [
        "ね",
        -5.966367391821695
      ],
      [
        "あ",
        -5.966367391821695
      ],
      [
        "立",
        -5.966367391821695
      ],
      [
        "能",
        -5.966367391821695
      ],
      [
        "字",
        -5.966367391821695
      ],
      [
        "き",
        -5.966367391821695
      ],
      [
        "パ",
        -5.966367391821695
      ],
      [
        "五",
        -5.966367391821695
      ],
      [
        "り",
        -5.966367391821695
      ],
      [
        "る",
        -5.966367391821695
      ],
      [
        "混",
        -5.966367391821695
      ],
      [
        "天",
        -5.966367391821695
      ],
      [
        "界",
        -5.966367391821695
      ],
      [
        "or",
        -6.024620511126791
      ],
      [
        "T",
        -6.3378257834913905
      ],
      [
        "w",
        -6.33792578349139
      ],
      [
        "こ",
        -6.33802578349139
      ],
      [
        "限",
        -6.33812578349139
      ],
      [
        "u",
        -6.33822578349139
      ],
      [
        "寿",
        -6.33832578349139
      ],
      [
        "▁t",
        -6.33832578349139
      ]
    ],
    "byte_fallback": false
  }
}